{"cameraMode":{"drawMode":0,"name":"Shaded","section":"Shading Mode"},"sceneLighting":true,"audioPlay":false,"sceneViewState":{"m_AlwaysRefresh":false,"showFog":true,"showSkybox":true,"showFlares":true,"showImageEffects":true,"showParticleSystems":true,"showVisualEffectGraphs":true,"m_FxEnabled":true},"in2DMode":false,"pivot":{"x":71.07850646972656,"y":30.019126892089845,"z":55.451194763183597},"rotation":{"x":0.0041310167871415619,"y":0.9360756874084473,"z":-0.3517110049724579,"w":0.010950173251330853},"size":9.0950345993042,"orthographic":false}