{"cameraMode":{"drawMode":0,"name":"Shaded","section":"Shading Mode"},"sceneLighting":true,"audioPlay":false,"sceneViewState":{"m_AlwaysRefresh":false,"showFog":true,"showSkybox":true,"showFlares":true,"showImageEffects":true,"showParticleSystems":true,"showVisualEffectGraphs":true,"m_FxEnabled":true},"in2DMode":false,"pivot":{"x":-16.243986129760743,"y":13.129398345947266,"z":-31.570341110229493},"rotation":{"x":-0.36084872484207156,"y":0.2736489474773407,"z":-0.11158230900764466,"w":-0.8845886588096619},"size":0.2750111520290375,"orthographic":false}