{"cameraMode":{"drawMode":0,"name":"Shaded","section":"Shading Mode"},"sceneLighting":true,"audioPlay":false,"sceneViewState":{"m_AlwaysRefresh":false,"showFog":true,"showSkybox":true,"showFlares":true,"showImageEffects":true,"showParticleSystems":true,"showVisualEffectGraphs":true,"m_FxEnabled":true},"in2DMode":false,"pivot":{"x":-16.52289390563965,"y":14.573999404907227,"z":-32.691165924072269},"rotation":{"x":-0.14198434352874757,"y":-0.5343651175498962,"z":0.09165626019239426,"w":-0.8282110691070557},"size":2.5338058471679689,"orthographic":false}